{
    "training": [
        {
            "box": [
                [
                    100.0021827,
                    22.00611876,
                    -147.0757546,
                    8.871621958,
                    8.871621958,
                    8.871621958
                ],
                [
                    -55.31574942,
                    4.042374673,
                    -154.7552924,
                    5.970538617,
                    5.970538617,
                    5.970538617
                ],
                [
                    -25.40860122,
                    136.715217,
                    -181.6943198,
                    11.08601237,
                    11.08601237,
                    11.08601237
                ],
                [
                    127.2115066,
                    44.79847847,
                    -164.7894133,
                    7.72427841,
                    7.72427841,
                    7.72427841
                ],
                [
                    120.2208995,
                    50.312055,
                    -132.1372108,
                    5.251592099,
                    5.251592099,
                    5.251592099
                ],
                [
                    101.082909,
                    -3.953008029,
                    -180.4023007,
                    9.404294354,
                    9.404294354,
                    9.404294354
                ]
            ],
            "image": "1.3.6.1.4.1.14519.5.2.1.6279.6001.250397690690072950000431855143/1.3.6.1.4.1.14519.5.2.1.6279.6001.250397690690072950000431855143.nii.gz",
            "label": [
                0,
                0,
                0,
                0,
                0,
                0
            ]
        },
        {
            "box": [
                [
                    102.2377292,
                    65.32842988,
                    -240.6955559,
                    18.210145,
                    18.210145,
                    18.210145
                ],
                [
                    22.53616818,
                    34.72145001,
                    -117.4375995,
                    10.33971307,
                    10.33971307,
                    10.33971307
                ],
                [
                    60.18947724,
                    -45.04675978,
                    -112.6427797,
                    8.349225392,
                    8.349225392,
                    8.349225392
                ],
                [
                    67.82725575,
                    85.37992457,
                    -109.7467238,
                    32.27003025,
                    32.27003025,
                    32.27003025
                ],
                [
                    114.1058249,
                    -11.85681073,
                    -165.6215278,
                    4.915612527,
                    4.915612527,
                    4.915612527
                ]
            ],
            "image": "1.3.6.1.4.1.14519.5.2.1.6279.6001.287966244644280690737019247886/1.3.6.1.4.1.14519.5.2.1.6279.6001.287966244644280690737019247886.nii.gz",
            "label": [
                0,
                0,
                0,
                0,
                0
            ]
        }
    ],
    "validation": [
        {
            "box": [
                [
                    110.1355596,
                    -32.0169515,
                    -241.1046505,
                    6.005399015,
                    6.005399015,
                    6.005399015
                ]
            ],
            "image": "1.3.6.1.4.1.14519.5.2.1.6279.6001.281489753704424911132261151767/1.3.6.1.4.1.14519.5.2.1.6279.6001.281489753704424911132261151767.nii.gz",
            "label": [
                0
            ]
        },
        {
            "box": [
                [
                    68.05574564,
                    43.7031034,
                    -266.0215516,
                    12.68580657,
                    12.68580657,
                    12.68580657
                ]
            ],
            "image": "1.3.6.1.4.1.14519.5.2.1.6279.6001.313334055029671473836954456733/1.3.6.1.4.1.14519.5.2.1.6279.6001.313334055029671473836954456733.nii.gz",
            "label": [
                0
            ]
        }
    ]
}